platform_id,contact_mail,website
3,caronni@comcast.net,comcast.net
7,N/A,thetimes.co.uk
9,unreal@hotmail.com,N/A
0,kmiller@yahoo.com,goo.ne.jp
4,ninenine@me.com,harvard.edu
5,animats@yahoo.com,macromedia.com
6,seurat@yahoo.ca,epa.gov
1,crandall@comcast.net,skype.com
8,rsteiner@optonline.net,shareasale.com
2,hikoza@icloud.com,N/A
10,clkao@gmail.com,moonfruit.com
11,tarreau@sbcglobal.net,harvard.edu
12,N/A,livejournal.com
13,knorr@comcast.net,prnewswire.com
14,jdhedden@msn.com,meetup.com
15,crypt@hotmail.com,yolasite.com
16,simone@msn.com,dedecms.com
17,william@sbcglobal.net,comcast.net
18,hermanab@sbcglobal.net,joomla.org
19,N/A,delicious.com
20,daveewart@yahoo.com,N/A
21,eurohack@outlook.com,goo.ne.jp
22,rhialto@me.com,yandex.ru
23,gtaylor@yahoo.com,comsenz.com
24,mschilli@optonline.net,reddit.com
25,kodeman@icloud.com,blogtalkradio.com
26,mastinfo@comcast.net,opera.com
27,improv@optonline.net,N/A
28,andersbr@att.net,google.nl
29,hstiles@me.com,topsy.com
30,greear@live.com,de.vu
31,danny@me.com,wiley.com
32,agolomsh@outlook.com,issuu.com
33,mchugh@icloud.com,msu.edu
34,andrei@optonline.net,npr.org
35,techie@outlook.com,utexas.edu
36,claesjac@yahoo.com,N/A
37,scotfl@hotmail.com,istockphoto.com
38,thurston@icloud.com,purevolume.com
39,kenja@live.com,fc2.com
40,N/A,simplemachines.org
41,N/A,netvibes.com
42,dbindel@yahoo.com,macromedia.com
43,bhima@hotmail.com,storify.com
44,webinc@att.net,icio.us
45,sburke@hotmail.com,N/A
46,parasite@comcast.net,jalbum.net
47,wildfire@yahoo.ca,cafepress.com
48,lishoy@me.com,techcrunch.com
49,uraeus@outlook.com,webs.com
50,tangsh@verizon.net,nbcnews.com
51,grady@msn.com,N/A
52,jgoerzen@live.com,ustream.tv
53,rattenbt@yahoo.ca,foxnews.com
54,murdocj@mac.com,state.gov
55,mcraigw@sbcglobal.net,unicef.org
56,N/A,storify.com
57,mirod@hotmail.com,ocn.ne.jp
58,mavilar@yahoo.com,creativecommons.org
59,eimear@aol.com,phoca.cz
60,heckerman@live.com,redcross.org
61,murdocj@verizon.net,g.co
62,fbriere@sbcglobal.net,spotify.com
63,N/A,storify.com
64,N/A,sourceforge.net
65,hager@icloud.com,purevolume.com
66,malattia@msn.com,N/A
67,grady@verizon.net,N/A
68,rogerspl@yahoo.com,nba.com
69,jdhildeb@aol.com,scribd.com
70,N/A,N/A
71,dialworld@msn.com,mayoclinic.com
72,N/A,csmonitor.com
73,drjlaw@me.com,skype.com
74,roesch@sbcglobal.net,163.com
75,tkrotchko@verizon.net,N/A
76,petersko@gmail.com,N/A
77,punkis@msn.com,cnet.com
78,pontipak@optonline.net,free13runpool.com
79,aukjan@yahoo.com,artisteer.com
80,plover@outlook.com,springer.com
81,kewley@att.net,mail.ru
82,scottlee@comcast.net,google.fr
83,jacks@icloud.com,csmonitor.com
84,scottlee@me.com,reverbnation.com
85,N/A,loc.gov
86,N/A,buzzfeed.com
87,caronni@gmail.com,prnewswire.com
88,world@yahoo.com,github.com
89,violinhi@me.com,dion.ne.jp
90,andale@optonline.net,flavors.me
91,tamas@optonline.net,seattletimes.com
92,heroine@comcast.net,studiopress.com
93,killmenow@sbcglobal.net,washington.edu
94,matloff@hotmail.com,zdnet.com
95,gtewari@me.com,N/A
96,pdbaby@yahoo.ca,free13runpool.com
97,nogin@verizon.net,g.co
98,cisugrad@yahoo.com,N/A
99,mallanmba@icloud.com,un.org
100,fviegas@verizon.net,N/A
101,matloff@hotmail.com,yale.edu
102,portscan@sbcglobal.net,odnoklassniki.ru
103,N/A,discovery.com
104,mschwartz@gmail.com,dailymotion.com
105,netsfr@me.com,nymag.com
106,petersen@me.com,N/A
107,tskirvin@yahoo.ca,blogs.com
108,bradl@yahoo.com,amazon.com
109,eurohack@sbcglobal.net,so-net.ne.jp
110,mgemmons@aol.com,bbb.org
111,anicolao@outlook.com,earthlink.net
112,N/A,N/A
113,dbanarse@sbcglobal.net,fc2.com
114,raines@live.com,usnews.com
115,kuparine@me.com,exblog.jp
116,gilmoure@att.net,N/A
117,dmiller@gmail.com,wufoo.com
118,matloff@me.com,springer.com
119,vertigo@live.com,nature.com
120,munge@icloud.com,icio.us
121,bjornk@sbcglobal.net,netvibes.com
122,fukuchi@live.com,twitter.com
123,drhyde@yahoo.ca,moonfruit.com
124,kildjean@me.com,auda.org.au
125,rfisher@aol.com,jigsy.com
126,donev@hotmail.com,N/A
127,rsteiner@att.net,patch.com
128,ganter@att.net,shinystat.com
129,magusnet@live.com,yale.edu
130,mlewan@live.com,wp.com
131,skoch@verizon.net,drupal.org
132,sjmuir@gmail.com,N/A
133,N/A,chron.com
134,biglou@optonline.net,goodreads.com
135,crobles@att.net,archive.org
136,vmalik@icloud.com,nature.com
137,heine@comcast.net,elegantthemes.com
138,mxiao@comcast.net,patch.com
139,hakim@outlook.com,mail.ru
140,andrewik@outlook.com,angelfire.com
141,blixem@att.net,about.com
142,bescoto@msn.com,icio.us
143,skippy@yahoo.ca,N/A
144,dbrobins@outlook.com,hhs.gov
145,benanov@verizon.net,flavors.me
146,N/A,webs.com
147,tlinden@att.net,usgs.gov
148,crowemojo@mac.com,goo.ne.jp
149,gtewari@sbcglobal.net,sciencedaily.com
150,kewley@mac.com,drupal.org
151,N/A,so-net.ne.jp
152,michiel@me.com,bravesites.com
153,hikoza@comcast.net,auda.org.au
154,murty@yahoo.com,java.com
155,sthomas@yahoo.com,multiply.com
156,stinson@comcast.net,purevolume.com
157,larry@icloud.com,slate.com
158,crusader@yahoo.ca,blog.com
159,timtroyr@mac.com,N/A
160,malattia@live.com,N/A
161,staffelb@gmail.com,ebay.co.uk
162,dodong@sbcglobal.net,yale.edu
163,konit@hotmail.com,gmpg.org
164,andrewik@verizon.net,usatoday.com
165,dbanarse@live.com,N/A
166,falcao@comcast.net,tinyurl.com
167,sartak@me.com,nbcnews.com
168,staffelb@verizon.net,comcast.net
169,luvirini@live.com,N/A
170,drezet@att.net,privacy.gov.au
171,N/A,netlog.com
172,pavel@att.net,pbs.org
173,stellaau@yahoo.ca,xrea.com
174,uncled@aol.com,reddit.com
175,baveja@yahoo.com,N/A
176,novanet@msn.com,is.gd
177,N/A,123-reg.co.uk
178,devphil@me.com,webmd.com
179,mstrout@yahoo.ca,about.me
